{"tissue_hires_scalef": 0.07506662, "tissue_lowres_scalef": 0.022519987, "fiducial_diameter_fullres": 290.74733999999995, "spot_diameter_fullres": 179.98644999999996}