{"tissue_hires_scalef": 0.075380675, "tissue_lowres_scalef": 0.022614202, "fiducial_diameter_fullres": 291.26538, "spot_diameter_fullres": 180.30714}