{"tissue_hires_scalef": 0.068422854, "tissue_lowres_scalef": 0.020526856, "fiducial_diameter_fullres": 290.73764, "spot_diameter_fullres": 179.98045}