{"tissue_hires_scalef": 0.076681234, "tissue_lowres_scalef": 0.023004372, "fiducial_diameter_fullres": 290.78503, "spot_diameter_fullres": 180.00978}