{"tissue_hires_scalef": 0.068422854, "tissue_lowres_scalef": 0.020526856, "fiducial_diameter_fullres": 291.02774, "spot_diameter_fullres": 180.16003}