{"tissue_hires_scalef": 0.07473004, "tissue_lowres_scalef": 0.022419011, "fiducial_diameter_fullres": 290.95730000000003, "spot_diameter_fullres": 180.11644000000004}