{"tissue_hires_scalef": 0.076681234, "tissue_lowres_scalef": 0.023004372, "fiducial_diameter_fullres": 291.26895, "spot_diameter_fullres": 180.30936}