{"tissue_hires_scalef": 0.07409603, "tissue_lowres_scalef": 0.02222881, "fiducial_diameter_fullres": 290.60137999999995, "spot_diameter_fullres": 179.89608999999996}