{"tissue_hires_scalef": 0.07506662, "tissue_lowres_scalef": 0.022519987, "fiducial_diameter_fullres": 290.99154999999996, "spot_diameter_fullres": 180.13762999999997}