{"tissue_hires_scalef": 0.07506662, "tissue_lowres_scalef": 0.022519987, "fiducial_diameter_fullres": 290.87302, "spot_diameter_fullres": 180.06424999999996}