{"tissue_hires_scalef": 0.073195726, "tissue_lowres_scalef": 0.021958718, "fiducial_diameter_fullres": 290.70285, "spot_diameter_fullres": 179.95891}