{"tissue_hires_scalef": 0.07473004, "tissue_lowres_scalef": 0.022419011, "fiducial_diameter_fullres": 290.68726000000004, "spot_diameter_fullres": 179.94925}