{"tissue_hires_scalef": 0.07084913, "tissue_lowres_scalef": 0.021254739, "fiducial_diameter_fullres": 290.89786, "spot_diameter_fullres": 180.07963999999998}