{"tissue_hires_scalef": 0.07409603, "tissue_lowres_scalef": 0.02222881, "fiducial_diameter_fullres": 290.3530999999999, "spot_diameter_fullres": 179.74239}