{"tissue_hires_scalef": 0.07473004, "tissue_lowres_scalef": 0.022419011, "fiducial_diameter_fullres": 291.05505, "spot_diameter_fullres": 180.17693000000003}