{"tissue_hires_scalef": 0.07504972, "tissue_lowres_scalef": 0.022514917, "fiducial_diameter_fullres": 291.17654, "spot_diameter_fullres": 180.25213999999997}