{"tissue_hires_scalef": 0.07380346, "tissue_lowres_scalef": 0.022141038, "fiducial_diameter_fullres": 290.71265, "spot_diameter_fullres": 179.96497000000002}